[
  {
    "path": "/wfs/containerd/data",
    "owner": "0:0",
    "permissions": "755",
    "persistent": true
  },
  {
    "path": "/services/greencloud",
    "owner": "0:0",
    "permissions": "755",
    "persistent": false
  },
  {
    "path": "/services/greencloud/usr",
    "owner": "0:0",
    "permissions": "755",
    "persistent": false
  },
  {
    "path": "/services/greencloud/usr/local",
    "owner": "0:0",
    "permissions": "755",
    "persistent": false
  },
  {
    "path": "/services/greencloud/usr/local/bin",
    "owner": "0:0",
    "permissions": "755",
    "persistent": false
  },
  {
    "path": "/services_rw/greencloud",
    "owner": "0:0",
    "permissions": "755",
    "persistent": true
  },
  {
    "path": "/var/lib/greencloud",
    "owner": "0:0",
    "permissions": "755",
    "persistent": true
  },
  {
    "path": "/etc/containerd",
    "owner": "0:0",
    "permissions": "755",
    "persistent": false
  }
]